obs, insertion, bubble, selection, merge, type
1, .105, .126, .110, .085, List
1, .128, .084, .063, .080, Array
2, 1.669, .633, .271, 2.329, List
2, .103, .152, .204, .184, Array
3, .336, .329, .389, .173, List
3, .148, .302, .234, .204, Array
4, .339, .287, .405, .073, List
4, .130, .447, .382, .268, Array
5, .838, .502, .646, .078, List
5, .151, .872, .572, .391, Array
6, 1.408, .727, 2.009, .211, List
6, .140, .765, .526, .176, Array
7, 1.984, .846, .432, .163, List
7, .257, 3.452, 2.332, .245, Array
8, .489, .948, .415, .177, List
8, .300, .362, .359, .289, Array
9, .539, 1.122, .351, .163, List
9, .336, .447, .417, .325, Array
10, .663, .389, .421, .199, List
10, .526, .477, .459, .350, Array
11, .490, .227, .428, .127, List
11, .276, .149, .315, .228, Array
12, .558, .264, .507, .142, List
12, .257, .142, .384, .248, Array
13, .418, .251, .587, .153, List
13, .290, .226, .757, .634, Array
14, .738, .270, .670, .163, List
14, .521, .269, .830, .381, Array
15, .638, .317, .766, .202, List
15, .185, .333, .955, .213, Array
16, .586, .307, .896, .263, List
16, .245, .113, .790, .148, Array
17, .632, .318, .962, .214, List
17, .105, .108, .748, .132, Array
18, .588, .324, 1.063, .253, List
18, .109, .123, .231, .135, Array
19, .756, .355, 1.218, .306, List
19, .133, .133, .946, .140, Array
20, .882, .373, 1.503, .329, List
20, .231, .219, 1.765, 1.868, Array
21, .914, .363, 1.619, .349, List
21, .229, .268, 1.943, .264, Array
22, 1.013, .557, 1.742, .356, List
22, .250, .292, 2.127, .266, Array
23, 1.094, .449, 1.981, .394, List
23, .200, .308, 2.100, .399, Array
24, 1.024, .270, 1.829, .218, List
24, .231, .328, .483, .196, Array
25, 1.095, .178, 2.062, .209, List
25, .262, .387, .942, .409, Array
26, 1.095, .233, 2.171, .181, List
26, .192, .361, .930, .415, Array
27, 1.184, .310, 2.345, .211, List
27, .268, .396, .886, .307, Array
28, 1.241, .261, 2.568, .240, List
28, .225, .385, .722, 1.130, Array
29, 1.339, .289, 2.541, .184, List
29, .089, .283, .578, .207, Array
30, 1.328, .212, 2.634, .352, List
30, .043, .286, .530, .108, Array
31, 1.439, .207, 2.770, .200, List
31, .046, .321, .547, .109, Array
32, 1.403, .237, 2.994, .219, List
32, .050, .324, .586, .117, Array
33, 1.578, .164, 3.050, .114, List
33, .050, .330, .612, .123, Array
34, 1.549, .176, 3.221, .112, List
34, .049, .356, .648, .120, Array
35, 1.658, .184, 3.521, .125, List
35, .048, .398, .730, .130, Array
36, 2.545, .185, 3.638, .116, List
36, .050, .396, .724, .125, Array
37, 2.216, .181, 3.831, .118, List
37, .052, .417, .766, .129, Array
38, 1.963, .185, 4.028, .120, List
38, .052, .436, .805, .136, Array
39, 2.102, .197, 5.156, .169, List
39, .086, .670, 1.275, .193, Array
40, 2.417, .321, 4.472, .132, List
40, .055, .480, .889, .159, Array
41, 2.298, .224, 4.730, .140, List
41, .058, .509, .934, .143, Array
42, 2.411, .209, 4.938, .146, List
42, .058, .529, .983, .158, Array
43, 2.545, .231, 5.201, .183, List
43, .085, .891, 1.074, .156, Array
44, 2.682, .203, 5.422, .138, List
44, .060, .560, 1.056, .161, Array
45, 2.830, .232, 5.675, .153, List
45, .061, .868, 1.672, .258, Array
46, 3.660, .243, 5.947, .147, List
46, .060, .616, 1.156, .183, Array
47, 3.077, .236, 6.149, .151, List
47, .062, .642, 1.200, .168, Array
48, 3.202, .257, 6.441, .164, List
48, .065, .672, 1.263, .175, Array
49, 3.436, .236, 6.706, .174, List
49, .067, .756, 1.314, .171, Array
50, 3.487, .256, 6.975, .170, List
50, .065, .720, 1.365, .177, Array
51, 3.753, .270, 7.303, .169, List
51, .068, .751, 1.410, .181, Array
52, 4.360, .287, 7.646, .182, List
52, .070, .786, 1.471, .194, Array
53, 4.014, .282, 7.907, .173, List
53, .071, .879, 1.536, .187, Array
54, 4.169, .288, 8.184, .258, List
54, .072, .833, 1.599, .185, Array
55, 4.252, .253, 8.752, .185, List
55, .070, .861, 1.635, .197, Array
56, 4.400, .277, 8.984, .193, List
56, .075, .919, 1.888, .209, Array
57, 4.581, .288, 9.126, .187, List
57, .072, 2.438, 1.752, .202, Array
58, 4.957, .308, 9.476, .192, List
58, .074, .962, 1.977, .204, Array
59, 4.877, .269, 9.905, .188, List
59, .071, .996, 1.856, .161, Array
60, 6.452, .315, 10.260, .198, List
60, .074, 1.014, 1.930, .157, Array
61, 5.209, .258, 10.564, .220, List
61, .077, 1.038, 2.029, .213, Array
62, 5.365, .295, 10.647, .193, List
62, .074, 1.081, 2.131, .174, Array
63, 5.556, .315, 11.262, .211, List
63, .077, 1.106, 2.104, .166, Array
64, 5.758, .306, 12.570, .261, List
64, .076, 1.192, 2.226, .173, Array
65, 5.941, .614, 11.783, .213, List
65, .084, 1.184, 2.240, .181, Array
66, 6.125, .330, 12.825, .237, List
66, .080, 1.215, 2.333, .178, Array
67, 6.293, .350, 13.111, .220, List
67, .082, 1.288, 2.389, .178, Array
68, 6.487, .346, 12.953, .221, List
68, .080, 1.283, 2.468, .179, Array
69, 6.832, .342, 13.286, .250, List
69, .082, 1.323, 2.520, .184, Array
70, 6.920, .349, 13.944, .242, List
70, .084, 1.357, 2.812, .185, Array
71, 7.162, .352, 14.056, .228, List
71, .084, 1.389, 2.672, .205, Array
72, 7.284, .339, 14.452, .233, List
72, .086, 1.445, 2.750, .190, Array
73, 7.496, .378, 14.873, .241, List
73, .088, 1.473, 2.826, .192, Array
74, 8.110, .379, 15.510, .243, List
74, .089, 1.510, 2.913, .202, Array
75, 8.010, .374, 15.793, .242, List
75, .089, 1.562, 2.981, .199, Array
76, 8.617, .424, 16.166, .265, List
76, .090, 1.583, 3.058, .204, Array
77, 8.367, .682, 26.048, .301, List
77, .090, 1.818, 3.123, .212, Array
78, 8.741, .386, 16.992, .257, List
78, .092, 1.677, 3.214, .212, Array
79, 9.899, .371, 17.539, .264, List
79, .092, 1.779, 3.340, .213, Array
80, 9.167, .412, 17.922, .276, List
80, .094, 1.817, 3.365, .217, Array
81, 9.829, .414, 18.486, .270, List
81, .102, 1.824, 3.469, .216, Array
82, 9.574, .406, 18.827, .269, List
82, .097, 1.870, 3.561, .226, Array
83, 10.163, .390, 19.593, .284, List
83, .097, 3.118, 7.071, .439, Array
84, 10.182, .370, 19.661, .271, List
84, .099, 1.934, 3.778, .233, Array
85, 10.444, .439, 20.271, .284, List
85, .102, 1.986, 3.806, .237, Array
86, 11.757, .416, 20.646, .280, List
86, .101, 2.011, 3.881, .236, Array
87, 11.147, .417, 21.328, .288, List
87, .100, 2.066, 3.995, .233, Array
88, 10.889, .405, 22.041, .294, List
88, .106, 2.137, 4.064, .245, Array
89, 17.288, .406, 21.982, .304, List
89, .104, 2.147, 4.129, .269, Array
90, 11.430, .449, 22.992, .312, List
90, .106, 2.191, 4.367, .276, Array
91, 11.620, .428, 23.713, .306, List
91, .105, 2.244, 4.320, .250, Array
92, 11.935, .492, 24.350, .672, List
92, .120, 2.300, 4.412, .272, Array
93, 12.217, .440, 24.428, .319, List
93, .109, 2.397, 4.518, .250, Array
94, 12.891, .484, 24.584, .327, List
94, .111, 2.489, 4.600, .252, Array
95, 12.710, .440, 49.717, .323, List
95, .111, 2.440, 4.701, .257, Array
96, 13.016, .502, 25.618, .600, List
96, .128, 2.532, 4.816, .264, Array
97, 13.299, .470, 27.459, .339, List
97, .113, 2.548, 4.953, .267, Array
98, 16.281, .514, 26.809, .342, List
98, .115, 2.610, 5.006, .266, Array
99, 14.743, .487, 27.463, .337, List
99, .114, 2.658, 5.100, .268, Array
100, 14.221, .421, 29.290, .457, List
100, .195, 2.793, 5.208, .278, Array
101, 14.993, .517, 28.645, .342, List
101, .118, 2.781, 5.448, .275, Array
102, 14.679, .488, 30.331, .361, List
102, .118, 2.813, 5.428, .275, Array
103, 15.275, .588, 30.140, .354, List
103, .119, 2.875, 5.530, .284, Array
104, 15.332, .552, 31.142, .347, List
104, .127, 2.921, 5.672, .283, Array
105, 15.565, .503, 31.014, .353, List
105, .122, 3.197, 5.751, .299, Array
106, 15.815, .600, 33.632, .368, List
106, .121, 3.127, 7.196, .440, Array
107, 16.252, .500, 32.621, .405, List
107, .123, 3.055, 5.959, .289, Array
108, 16.501, .594, 33.380, .373, List
108, .124, 3.156, 6.118, .299, Array
109, 17.168, .541, 34.894, .393, List
109, .131, 3.496, 6.770, .458, Array
110, 17.777, .503, 34.304, .372, List
110, .126, 3.243, 6.292, .309, Array
111, 17.463, .552, 36.571, .400, List
111, .175, 3.555, 6.422, .307, Array
112, 17.671, .546, 39.114, .376, List
112, .130, 3.363, 6.520, .304, Array
113, 18.121, .537, 35.605, .387, List
113, .130, 3.445, 6.634, .314, Array
114, 18.364, .553, 36.656, .395, List
114, .136, 3.470, 6.732, .318, Array
115, 18.963, .587, 37.587, .392, List
115, .133, 3.701, 6.861, .321, Array
116, 19.008, .552, 38.332, .392, List
116, .134, 3.604, 7.005, .316, Array
117, 19.811, .572, 38.194, .410, List
117, .139, 3.760, 7.131, .406, Array
118, 19.942, .564, 39.340, .396, List
118, .135, 3.731, 7.220, .327, Array
119, 20.279, .589, 39.558, .419, List
119, .137, 3.834, 7.406, .325, Array
120, 20.398, .561, 40.812, .421, List
120, .139, 3.872, 7.475, .328, Array
121, 20.908, .603, 41.002, .409, List
121, .140, 3.978, 7.618, .336, Array
122, 21.075, .563, 42.135, .424, List
122, .143, 3.999, 7.717, .341, Array
123, 21.862, .606, 43.321, .416, List
123, .142, 4.028, 7.886, .337, Array
124, 21.704, .581, 43.616, .425, List
124, .142, 4.128, 7.971, .371, Array
125, 22.003, .585, 57.551, .418, List
125, .144, 4.192, 8.244, .345, Array
126, 22.362, .629, 45.147, .435, List
126, .145, 4.245, 8.198, .347, Array
127, 22.943, .615, 45.586, .436, List
127, .145, 4.338, 8.370, .350, Array
128, 23.375, .613, 45.930, .466, List
128, .152, 4.412, 8.554, .353, Array
129, 23.488, .669, 46.710, .464, List
129, .147, 4.460, 8.686, .359, Array
130, 24.626, .662, 47.760, .449, List
130, .150, 4.496, 8.763, .356, Array
131, 24.565, .594, 48.220, .492, List
131, .149, 4.596, 8.900, .360, Array
132, 24.566, .669, 49.448, .455, List
132, .156, 4.675, 9.034, .363, Array
133, 27.179, .618, 64.599, .459, List
133, .152, 4.703, 9.155, .362, Array
134, 25.289, .681, 50.047, .450, List
134, .154, 4.812, 9.368, .365, Array
135, 25.705, .691, 51.533, .473, List
135, .157, 4.884, 9.426, .369, Array
136, 26.024, .751, 52.654, .479, List
136, .156, 4.954, 9.586, .384, Array
137, 26.508, .709, 52.483, .481, List
137, .157, 4.979, 9.727, .376, Array
138, 27.696, .657, 53.578, .468, List
138, .160, 5.224, 10.034, .382, Array
139, 27.119, .574, 54.262, .468, List
139, .158, 5.114, 9.974, .385, Array
140, 27.591, .712, 55.150, .512, List
140, .161, 5.260, 10.157, .386, Array
141, 28.592, .567, 70.185, .474, List
141, .164, 5.240, 10.239, .387, Array
142, 28.316, .669, 56.952, .480, List
142, .162, 5.377, 10.384, .389, Array
143, 28.714, .713, 57.001, .489, List
143, .163, 5.441, 10.622, .400, Array
144, 29.734, .776, 58.463, .510, List
144, .165, 5.604, 10.741, .389, Array
145, 29.517, .705, 58.705, .497, List
145, .167, 5.556, 10.806, .395, Array
146, 30.089, 1.130, 60.021, .518, List
146, .168, 5.593, 10.973, .404, Array
147, 30.200, .638, 60.447, .500, List
147, .168, 5.688, 12.584, .403, Array
148, 31.665, .742, 61.056, .514, List
148, .169, 5.754, 11.227, .400, Array
149, 32.383, .626, 61.784, .527, List
149, .185, 5.880, 11.434, .404, Array
150, 31.462, .770, 62.713, .522, List
150, .172, 5.952, 11.542, .411, Array
151, 31.900, .733, 64.210, .521, List
151, .180, 6.030, 11.686, .407, Array
152, 32.340, .783, 64.716, .522, List
152, .179, 6.093, 11.853, .413, Array
153, 32.864, .758, 75.276, .528, List
153, .177, 6.187, 12.067, .414, Array
154, 34.638, .788, 66.291, .541, List
154, .177, 6.276, 12.178, .420, Array
155, 33.671, .815, 66.759, .578, List
155, .182, 6.361, 12.347, .426, Array
156, 34.254, .765, 68.552, .539, List
156, .180, 6.418, 12.527, .424, Array
157, 34.528, .662, 69.634, .535, List
157, .180, 7.633, 12.696, .429, Array
158, 35.040, .712, 69.963, .549, List
158, .182, 6.569, 12.801, .453, Array
159, 35.365, .669, 70.718, .555, List
159, .184, 6.628, 12.881, .431, Array
160, 35.728, 1.286, 71.706, .576, List
160, .183, 6.793, 13.098, .450, Array
161, 37.327, .861, 71.925, .558, List
161, .189, 6.818, 13.274, 3.020, Array
162, 37.635, .752, 72.522, .562, List
162, .188, 6.855, 13.423, .446, Array
163, 37.090, .733, 74.568, .556, List
163, .188, 6.957, 13.553, .441, Array
164, 37.418, .866, 74.511, .560, List
164, .190, 7.009, 13.699, .452, Array
165, 38.143, .851, 75.123, .584, List
165, .192, 7.157, 13.875, .444, Array
166, 39.137, .794, 76.325, .586, List
166, .192, 7.224, 14.042, .448, Array
167, 38.764, .833, 76.860, .583, List
167, .194, 7.289, 14.239, .451, Array
168, 39.233, .844, 78.503, .585, List
168, .200, 7.371, 14.365, .508, Array
169, 40.852, 1.421, 78.626, .584, List
169, .195, 7.439, 14.514, .460, Array
170, 40.097, .753, 79.903, .580, List
170, .194, 7.503, 14.691, .468, Array
171, 40.538, .842, 81.015, .586, List
171, .197, 7.632, 15.568, .483, Array
172, 41.253, .932, 82.210, .603, List
172, .199, 7.741, 15.043, .465, Array
173, 41.996, .829, 82.839, .615, List
173, .202, 7.851, 15.220, .466, Array
174, 42.425, 1.003, 83.907, .603, List
174, .202, 7.905, 15.414, .464, Array
175, 43.643, .908, 84.674, .611, List
175, .204, 8.029, 15.586, .469, Array
176, 44.269, .850, 92.960, .613, List
176, .205, 8.106, 15.976, .470, Array
177, 44.110, .898, 92.723, .613, List
177, .209, 8.203, 15.965, .476, Array
178, 45.774, .955, 87.854, .618, List
178, .208, 8.301, 16.161, .476, Array
179, 46.838, .798, 88.627, .660, List
179, .211, 8.377, 16.315, .480, Array
180, 46.564, .922, 89.656, .629, List
180, .211, 8.438, 16.540, .481, Array
181, 80.910, .955, 92.882, .705, List
181, .208, 8.695, 20.096, .485, Array
182, 47.131, .781, 91.527, .629, List
182, .217, 8.605, 16.975, .494, Array
183, 49.496, 1.002, 92.579, .647, List
183, .211, 8.768, 17.093, .491, Array
184, 48.711, .907, 94.050, .633, List
184, .216, 8.857, 17.292, .498, Array
185, 48.646, .998, 95.162, .663, List
185, .217, 8.987, 17.610, .501, Array
186, 49.097, .876, 95.601, .671, List
186, .219, 9.057, 17.626, .494, Array
187, 49.169, .895, 96.614, .641, List
187, .218, 9.177, 17.816, .501, Array
188, 50.783, .805, 97.556, .649, List
188, .217, 9.214, 17.995, .507, Array
189, 50.976, .794, 98.714, .666, List
189, .227, 9.266, 18.111, .505, Array
190, 51.978, .925, 99.865, .664, List
190, .221, 9.354, 18.322, .510, Array
191, 52.560, .882, 100.610, .665, List
191, .221, 9.661, 18.538, .519, Array
192, 53.730, .888, 101.507, .663, List
192, .224, 9.565, 18.781, .521, Array
193, 52.598, .951, 102.721, .681, List
193, .225, 9.659, 18.972, .518, Array
194, 54.858, .986, 106.402, .685, List
194, .225, 9.793, 19.097, .518, Array
195, 53.920, 1.037, 105.302, .687, List
195, .227, 9.928, 19.416, .517, Array
196, 55.198, .940, 106.481, .708, List
196, .228, 10.011, 19.545, .556, Array
197, 56.209, .991, 108.924, .739, List
197, .229, 10.122, 19.966, .543, Array
198, 57.233, .951, 108.815, .693, List
198, .232, 10.225, 19.974, .535, Array
199, 56.051, .926, 111.537, .707, List
199, .233, 10.350, 20.137, .541, Array
200, 57.150, .945, 110.507, .699, List
200, .235, 10.416, 20.350, .534, Array
201, 58.294, 1.059, 111.795, .711, List
201, .242, 10.838, 20.622, .540, Array
202, 59.106, .931, 112.774, .696, List
202, .236, 10.580, 20.819, .551, Array
203, 59.270, 1.050, 114.169, .723, List
203, .237, 10.770, 20.990, .544, Array
204, 58.994, .877, 114.771, .701, List
204, .237, 10.896, 21.154, .546, Array
205, 60.095, 1.072, 116.193, .742, List
205, .240, 10.966, 21.465, .549, Array
206, 59.173, 1.021, 117.217, .737, List
206, .245, 11.030, 21.589, .551, Array
207, 61.116, .993, 118.539, .758, List
207, .243, 11.119, 21.807, .554, Array
208, 61.779, 1.863, 119.702, .731, List
208, .243, 11.293, 22.019, 1.838, Array
209, 62.249, .934, 120.827, .740, List
209, .251, 11.334, 22.198, .556, Array
210, 63.367, 1.073, 121.967, .746, List
210, .256, 11.509, 22.459, .571, Array
211, 63.867, 1.038, 123.161, .750, List
211, .253, 11.614, 22.669, .566, Array
212, 65.134, .942, 124.232, .735, List
212, .250, 11.649, 22.817, .565, Array
213, 64.558, 1.123, 125.385, .759, List
213, .250, 11.886, 23.106, .566, Array
214, 65.864, 1.038, 126.709, .793, List
214, .253, 11.910, 23.326, .570, Array
215, 65.572, 1.004, 127.871, .757, List
215, .255, 12.009, 23.512, .581, Array
216, 66.833, 1.144, 129.173, .767, List
216, .259, 12.201, 23.791, .575, Array
217, 67.613, 1.075, 130.568, .783, List
217, .261, 12.305, 24.048, .586, Array
218, 67.721, 1.057, 131.665, .783, List
218, .258, 12.340, 24.193, .584, Array
219, 91.185, 1.108, 133.052, .784, List
219, .257, 12.554, 24.508, .593, Array
220, 70.272, 1.229, 134.477, .796, List
220, .262, 13.113, 24.749, .590, Array
221, 69.587, 1.012, 135.710, .773, List
221, .262, 12.749, 24.891, .594, Array
222, 70.443, 1.925, 137.126, .794, List
222, .271, 12.844, 25.170, .595, Array
223, 75.865, 1.164, 138.124, .788, List
223, .264, 12.961, 25.873, .602, Array
224, 72.661, 1.156, 141.859, .802, List
224, .267, 13.156, 25.786, .606, Array
225, 72.642, .995, 140.694, .796, List
225, .275, 13.219, 25.877, .609, Array
226, 72.559, 1.121, 141.977, .799, List
226, .274, 13.329, 26.269, .625, Array
227, 74.196, 1.059, 143.188, .796, List
227, .266, 13.443, 26.267, .615, Array
228, 74.308, 1.106, 144.367, .828, List
228, .267, 13.553, 26.789, .617, Array
229, 74.410, 1.113, 145.656, .819, List
229, .275, 13.622, 26.810, .615, Array
230, 90.603, 1.115, 146.961, .831, List
230, .271, 13.804, 26.994, .622, Array
231, 76.259, 1.119, 148.146, .846, List
231, .272, 14.055, 27.276, .652, Array
232, 76.174, 1.172, 150.204, .842, List
232, .278, 14.034, 27.491, .627, Array
233, 77.745, 1.183, 150.799, .844, List
233, .276, 14.399, 27.752, .637, Array
234, 88.784, 1.165, 152.237, .839, List
234, .276, 14.268, 27.972, .628, Array
235, 77.780, 1.187, 153.916, .854, List
235, .278, 14.455, 28.258, .630, Array
236, 78.338, 1.192, 155.180, .832, List
236, .277, 14.614, 28.453, .648, Array
237, 82.464, 1.262, 156.267, .857, List
237, .281, 14.697, 28.742, .643, Array
238, 84.463, 1.197, 157.804, .844, List
238, .285, 14.822, 29.058, .643, Array
239, 82.555, 1.149, 159.286, .859, List
239, .284, 14.974, 29.302, .652, Array
240, 81.158, 1.268, 160.858, .853, List
240, .284, 15.127, 29.562, .675, Array
241, 82.376, 1.251, 162.040, .864, List
241, .285, 16.183, 29.801, .655, Array
242, 83.480, 1.209, 163.488, .872, List
242, .287, 15.378, 30.038, .660, Array
243, 83.969, 1.227, 165.058, .877, List
243, .294, 15.468, 30.304, .661, Array
244, 85.213, 1.164, 166.421, .875, List
244, .291, 15.663, 30.751, .676, Array
245, 86.030, 1.227, 167.621, .862, List
245, .293, 15.720, 30.743, .661, Array
246, 91.355, 1.183, 199.638, .870, List
246, .293, 15.794, 31.018, .662, Array
247, 86.989, 1.236, 170.462, .873, List
247, .293, 15.989, 31.245, .672, Array
248, 88.056, 1.172, 174.399, .881, List
248, .296, 17.152, 31.474, .676, Array
249, 93.589, 1.099, 178.045, .889, List
249, .325, 16.227, 31.746, .685, Array
250, 88.888, 1.103, 174.193, .876, List
250, .298, 16.341, 32.326, .690, Array
251, 89.848, 1.206, 178.101, .882, List
251, .301, 16.510, 32.267, .706, Array
252, 92.674, 1.224, 177.405, .901, List
252, .301, 16.607, 32.507, .687, Array
253, 92.327, 1.235, 178.384, .898, List
253, .308, 16.907, 32.902, .698, Array
254, 91.792, 1.317, 179.978, .929, List
254, .303, 16.856, 33.087, .692, Array
255, 93.016, 1.238, 181.503, .916, List
255, .308, 16.973, 33.266, .693, Array
256, 95.201, 1.294, 182.894, .924, List
256, .304, 17.279, 33.555, .704, Array
257, 94.359, 1.173, 184.226, .921, List
257, .311, 17.448, 33.826, .708, Array
258, 94.802, 1.359, 185.774, .944, List
258, .308, 17.647, 34.073, .701, Array
259, 95.856, 1.399, 187.780, .935, List
259, .308, 17.767, 34.684, .709, Array
260, 98.141, 1.166, 188.596, .904, List
260, .307, 17.835, 34.615, .710, Array
261, 99.729, 1.256, 190.362, .922, List
261, .311, 18.023, 34.953, .714, Array
262, 97.682, 1.175, 191.489, .930, List
262, .312, 18.104, 35.155, .720, Array
263, 98.455, 1.198, 192.994, .913, List
263, .313, 18.267, 35.392, .717, Array
264, 113.791, 1.339, 194.768, .978, List
264, .314, 18.628, 35.880, .728, Array
265, 100.065, 1.202, 195.870, .931, List
265, .320, 18.509, 35.903, .727, Array
266, 101.216, 1.366, 197.362, .960, List
266, .317, 18.743, 36.155, 2.327, Array
267, 103.179, 1.360, 198.807, .959, List
267, .318, 18.784, 37.228, .739, Array
268, 106.521, 1.399, 200.322, .959, List
268, .322, 19.018, 49.194, 1.332, Array
269, 103.130, 1.371, 201.740, .970, List
269, .322, 19.145, 37.089, .741, Array
270, 112.538, 1.201, 203.112, .964, List
270, .322, 20.207, 37.311, .737, Array
271, 118.897, 1.238, 204.545, .946, List
271, .322, 19.334, 37.772, .740, Array
272, 119.310, 1.403, 214.001, .967, List
272, .335, 19.513, 38.130, .750, Array
273, 105.558, 1.315, 207.733, .988, List
273, .328, 19.704, 38.118, .747, Array
274, 107.546, 1.288, 209.385, .956, List
274, .331, 20.022, 38.410, .751, Array
275, 125.125, 1.305, 212.908, .971, List
275, .337, 19.897, 39.798, 1.123, Array
276, 110.726, 1.351, 212.507, .990, List
276, .341, 20.062, 39.090, .759, Array
277, 111.718, 1.323, 213.921, .972, List
277, .335, 20.170, 40.592, .758, Array
278, 109.493, 1.219, 215.852, 1.004, List
278, .344, 20.510, 39.545, .761, Array
279, 109.771, 1.412, 216.585, 1.000, List
279, .337, 20.499, 39.763, .766, Array
280, 112.105, 1.319, 217.997, .998, List
280, .344, 20.607, 39.994, .766, Array
281, 114.642, 1.453, 219.910, 1.008, List
281, .341, 20.768, 40.582, .771, Array
282, 114.400, 1.351, 221.226, 1.003, List
282, .339, 21.021, 40.663, .773, Array
283, 114.247, 1.301, 223.302, 1.001, List
283, .347, 20.994, 40.830, .773, Array
284, 114.346, 1.185, 224.134, .999, List
284, .339, 21.172, 41.049, .810, Array
285, 114.546, 1.206, 225.936, .978, List
285, .341, 21.262, 41.343, .782, Array
286, 118.640, 1.453, 227.374, 1.030, List
286, .344, 21.450, 41.665, .784, Array
287, 132.871, 1.428, 228.935, 1.035, List
287, .348, 21.701, 41.925, .781, Array
288, 119.298, 1.426, 230.558, 1.046, List
288, .355, 21.794, 42.238, .789, Array
289, 119.010, 1.480, 232.321, 1.050, List
289, .351, 22.012, 42.588, .795, Array
290, 118.608, 1.408, 233.883, 1.061, List
290, .351, 22.164, 42.840, .807, Array
291, 119.278, 1.422, 238.154, 1.040, List
291, .353, 22.240, 43.177, .805, Array
292, 139.615, 1.406, 237.565, 1.049, List
292, .362, 22.370, 43.444, .815, Array
293, 125.585, 1.420, 245.409, 1.051, List
293, .353, 22.519, 44.782, .806, Array
294, 123.909, 1.533, 240.659, 1.069, List
294, .354, 22.702, 44.033, .811, Array
295, 123.248, 1.329, 242.062, 1.043, List
295, .364, 22.782, 44.316, .812, Array
296, 123.719, 1.450, 245.327, 1.062, List
296, .367, 22.997, 44.682, .813, Array
297, 124.793, 1.393, 245.491, 1.061, List
297, .368, 23.348, 44.856, 2.582, Array
298, 128.949, 1.653, 246.709, 1.078, List
298, .367, 23.371, 45.557, .820, Array
299, 132.341, 1.286, 248.219, 1.086, List
299, .359, 23.594, 45.519, .877, Array
300, 126.737, 1.291, 249.630, 1.079, List
300, .362, 23.477, 45.694, .827, Array
301, 128.912, 1.447, 251.623, 1.095, List
301, .364, 23.694, 46.084, .849, Array
302, 127.687, 1.553, 253.434, 1.088, List
302, .378, 23.891, 46.439, .836, Array
303, 128.817, 1.483, 254.724, 1.100, List
303, .379, 24.013, 46.686, .836, Array
304, 150.909, 1.469, 256.248, 1.467, List
304, .625, 30.531, 52.102, .841, Array
305, 134.620, 1.443, 258.551, 1.171, List
305, .372, 24.262, 47.371, .842, Array
306, 147.900, 1.317, 259.586, 1.104, List
306, .372, 24.500, 47.593, .845, Array
307, 134.229, 1.624, 261.994, 1.115, List
307, .374, 24.607, 47.906, .844, Array
308, 132.440, 1.640, 263.821, 1.132, List
308, .378, 24.917, 48.285, .845, Array
309, 148.878, 1.545, 265.751, 1.139, List
309, .376, 24.997, 48.686, .857, Array
310, 137.814, 1.571, 267.131, 1.139, List
310, .377, 25.207, 48.884, .848, Array
311, 136.861, 1.323, 268.458, 1.146, List
311, .378, 25.303, 49.633, .857, Array
312, 141.431, 1.510, 270.201, 1.130, List
312, .384, 25.411, 49.534, .857, Array
313, 138.681, 1.537, 271.969, 1.116, List
313, .382, 25.671, 49.889, .861, Array
314, 138.149, 1.562, 274.103, 1.155, List
314, .382, 25.773, 50.163, .866, Array
315, 142.237, 1.428, 274.951, 1.129, List
315, .392, 25.904, 50.800, .868, Array
316, 145.998, 1.494, 276.793, 1.154, List
316, .386, 26.064, 54.339, .870, Array
317, 144.937, 1.623, 280.927, 1.157, List
317, .396, 26.272, 51.080, .872, Array
318, 143.107, 1.682, 280.446, 1.164, List
318, .401, 26.465, 51.742, .878, Array
319, 143.419, 1.611, 282.641, 1.166, List
319, .395, 26.653, 51.996, 2.612, Array
320, 146.929, 1.400, 284.235, 1.147, List
320, .391, 26.735, 51.973, .894, Array
321, 149.781, 1.644, 285.764, 1.181, List
321, .393, 26.903, 52.316, .888, Array
322, 147.375, 1.514, 287.519, 1.181, List
322, .396, 27.231, 52.663, .894, Array
323, 148.771, 1.341, 289.544, 1.163, List
323, .395, 27.130, 53.172, .890, Array
324, 148.310, 1.609, 290.803, 1.180, List
324, .401, 27.494, 53.285, .897, Array
325, 147.896, 1.503, 292.387, 1.194, List
325, .411, 27.535, 53.867, .901, Array
326, 155.337, 1.626, 294.435, 1.209, List
326, .404, 27.901, 54.014, .901, Array
327, 152.438, 1.487, 296.069, 1.226, List
327, .404, 27.900, 54.482, .906, Array
328, 152.269, 1.706, 298.351, 1.212, List
328, .409, 28.079, 54.826, .909, Array
329, 151.948, 1.471, 300.038, 1.195, List
329, .406, 69.663, 72.048, .910, Array
330, 157.709, 1.652, 309.332, 1.205, List
330, .409, 28.385, 55.297, .973, Array
331, 158.731, 1.716, 303.729, 1.209, List
331, .415, 28.598, 55.546, .916, Array
332, 156.409, 1.656, 305.355, 1.234, List
332, .418, 28.847, 55.988, .922, Array
333, 162.420, 1.716, 307.479, 1.254, List
333, .411, 28.921, 56.263, .927, Array
334, 174.371, 1.629, 318.060, 1.230, List
334, .425, 42.142, 66.762, .928, Array
335, 160.891, 1.578, 316.422, 1.223, List
335, .414, 29.330, 57.051, .948, Array
336, 164.693, 1.673, 325.340, 1.240, List
336, .417, 29.964, 57.837, .933, Array
337, 163.699, 1.541, 316.684, 1.213, List
337, .424, 29.571, 57.591, .953, Array
338, 170.927, 1.551, 345.625, 1.220, List
338, .417, 30.228, 64.025, 1.508, Array
339, 163.419, 1.975, 332.042, 1.422, List
339, .437, 40.456, 159.106, 1.230, Array
340, 169.396, 1.799, 321.586, 1.260, List
340, .422, 30.428, 58.643, .948, Array
341, 174.276, 1.782, 325.364, 1.303, List
341, .427, 30.692, 60.449, 1.030, Array
342, 171.006, 1.714, 324.397, 1.250, List
342, .424, 30.597, 59.389, .974, Array
343, 172.820, 1.705, 327.011, 1.263, List
343, .427, 30.703, 59.990, .952, Array
344, 168.146, 1.777, 328.465, 1.257, List
344, .427, 30.883, 63.735, .969, Array
345, 171.360, 1.839, 330.951, 1.282, List
345, .427, 31.093, 60.908, .962, Array
346, 173.977, 1.716, 333.073, 1.272, List
346, .431, 31.270, 61.199, 1.092, Array
347, 178.162, 1.619, 334.715, 1.281, List
347, .430, 31.493, 61.852, .966, Array
348, 172.858, 1.621, 336.536, 1.295, List
348, .431, 31.533, 62.075, .972, Array
349, 173.975, 1.800, 338.493, 1.285, List
349, .433, 31.830, 61.839, 2.727, Array
350, 176.723, 1.672, 355.144, 1.276, List
350, .437, 32.001, 62.230, .977, Array
351, 178.885, 1.799, 342.465, 1.296, List
351, .438, 32.225, 62.557, .978, Array
352, 176.991, 1.777, 346.961, 1.306, List
352, .441, 32.473, 62.912, .986, Array
353, 176.514, 1.686, 348.161, 1.291, List
353, .440, 32.726, 63.410, .989, Array
354, 178.071, 1.668, 351.868, 1.314, List
354, .452, 32.685, 63.798, 1.011, Array
355, 181.770, 1.833, 350.155, 1.328, List
355, .463, 33.019, 64.111, .990, Array
356, 184.677, 1.781, 354.368, 1.448, List
356, .569, 33.044, 64.625, .997, Array
357, 181.965, 1.780, 354.723, 1.309, List
357, .447, 35.075, 64.735, .998, Array
358, 182.596, 1.735, 356.226, 1.306, List
358, .450, 33.472, 65.156, 1.001, Array
359, 184.524, 1.880, 359.169, 1.359, List
359, .460, 33.766, 65.585, 1.001, Array
360, 187.842, 1.682, 360.836, 1.309, List
360, .448, 33.930, 65.889, 1.003, Array
361, 190.738, 1.713, 362.116, 1.320, List
361, .453, 34.095, 66.296, 1.013, Array
362, 187.679, 1.735, 364.057, 1.413, List
362, .454, 34.363, 66.629, 1.020, Array
363, 188.465, 1.898, 365.980, 1.325, List
363, .459, 34.427, 67.403, 1.018, Array
364, 190.141, 1.592, 369.246, 1.307, List
364, .456, 34.463, 67.760, 1.013, Array
365, 196.384, 1.803, 370.109, 1.347, List
365, .472, 34.726, 67.614, 1.021, Array
366, 192.652, 1.714, 392.945, 1.408, List
366, .456, 34.827, 67.948, 1.022, Array
367, 192.492, 1.804, 373.984, 1.351, List
367, .461, 35.115, 68.539, 1.030, Array
368, 194.586, 1.645, 383.470, 1.341, List
368, .464, 35.405, 69.000, 2.894, Array
369, 195.275, 1.939, 377.931, 1.395, List
369, .463, 35.556, 70.878, 1.032, Array
370, 201.081, 1.743, 380.433, 1.380, List
370, .478, 35.581, 69.604, 1.029, Array
371, 196.857, 1.676, 382.029, 1.367, List
371, .475, 35.726, 69.771, 1.038, Array
372, 198.401, 2.474, 384.770, 1.413, List
372, .476, 37.120, 70.739, 1.049, Array
373, 198.635, 1.973, 386.189, 1.386, List
373, .472, 36.256, 70.747, 1.044, Array
374, 201.388, 1.862, 388.399, 1.397, List
374, .482, 36.357, 74.867, 1.089, Array
375, 203.014, 1.779, 407.340, 1.383, List
375, .489, 36.552, 71.612, 1.053, Array
376, 203.717, 1.553, 392.299, 1.349, List
376, .482, 36.686, 71.816, 1.077, Array
377, 204.408, 1.744, 393.975, 1.394, List
377, .486, 36.973, 72.005, 2.988, Array
378, 209.990, 1.769, 396.023, 1.387, List
378, .476, 37.103, 72.379, 1.054, Array
379, 208.155, 1.729, 398.206, 1.390, List
379, .478, 37.362, 72.610, 1.076, Array
380, 208.029, 2.026, 400.223, 1.431, List
380, .487, 37.674, 74.534, 1.060, Array
381, 207.830, 1.911, 402.275, 1.416, List
381, .482, 38.280, 73.779, 1.179, Array
382, 212.303, 1.809, 405.670, 1.413, List
382, .482, 37.919, 74.858, 1.090, Array
383, 214.223, 1.863, 406.517, 1.451, List
383, .484, 38.282, 74.289, 1.083, Array
384, 212.503, 1.772, 408.087, 1.405, List
384, .489, 38.232, 74.905, 1.070, Array
385, 212.202, 1.944, 410.380, 1.454, List
385, .487, 38.464, 75.023, 1.069, Array
386, 216.122, 1.891, 412.576, 1.467, List
386, .488, 38.688, 75.425, 1.083, Array
387, 214.691, 1.818, 417.051, 1.484, List
387, .487, 38.844, 75.745, 1.080, Array
388, 216.111, 1.928, 416.719, 1.443, List
388, .490, 39.406, 76.193, 1.078, Array
389, 220.670, 1.917, 419.111, 1.434, List
389, .490, 39.269, 77.645, 1.093, Array
390, 218.805, 1.924, 421.321, 2.810, List
390, .962, 45.928, 77.173, 3.073, Array
391, 222.485, 2.059, 423.485, 1.459, List
391, .498, 39.956, 77.423, 1.087, Array
392, 223.678, 2.118, 425.842, 1.466, List
392, .503, 39.893, 78.426, 1.100, Array
393, 222.890, 1.911, 427.918, 1.485, List
393, .496, 40.155, 79.291, 1.111, Array
394, 223.849, 1.925, 429.761, 1.460, List
394, .498, 40.884, 78.791, 1.107, Array
395, 224.709, 2.050, 433.869, 1.480, List
395, .506, 40.951, 79.249, 1.113, Array
396, 233.581, 2.102, 434.982, 1.510, List
396, .501, 40.948, 79.521, 1.104, Array
397, 229.843, 1.885, 440.222, 1.456, List
397, .516, 40.915, 80.098, 1.115, Array
398, 228.326, 2.042, 439.542, 1.479, List
398, .869, 50.480, 80.407, 1.143, Array
399, 229.949, 2.216, 444.569, 1.499, List
399, .518, 41.487, 81.900, 1.138, Array
400, 232.838, 2.209, 477.170, 1.510, List
400, .519, 41.970, 81.234, 1.130, Array
401, 233.761, 1.945, 446.363, 1.502, List
401, .519, 41.914, 82.623, 1.152, Array
402, 233.232, 2.005, 448.796, 1.532, List
402, .522, 42.255, 82.202, 1.140, Array
403, 234.608, 1.950, 451.367, 1.519, List
403, .521, 42.397, 82.518, 1.141, Array
404, 241.368, 1.799, 453.390, 1.521, List
404, .524, 42.804, 82.842, 1.158, Array
405, 240.135, 1.992, 456.486, 1.516, List
405, .530, 42.659, 83.502, 1.149, Array
406, 239.865, 2.053, 458.144, 1.529, List
406, .532, 43.039, 83.971, 1.150, Array
407, 240.189, 2.218, 460.312, 3.531, List
407, .520, 43.166, 85.490, 1.154, Array
408, 241.739, 2.020, 462.605, 1.508, List
408, .539, 43.385, 84.552, 1.146, Array
409, 241.874, 1.981, 479.744, 1.497, List
409, .528, 43.501, 85.027, 1.157, Array
410, 250.226, 2.046, 484.388, 1.523, List
410, .523, 43.719, 85.640, 1.151, Array
411, 244.518, 2.141, 469.328, 1.601, List
411, .526, 44.399, 90.514, 1.155, Array
412, 249.385, 2.106, 474.464, 1.543, List
412, .535, 44.168, 86.266, 1.158, Array
413, 250.399, 2.109, 474.589, 1.533, List
413, .532, 44.363, 86.685, 1.158, Array
414, 250.806, 2.071, 479.178, 1.549, List
414, .542, 44.644, 89.557, 1.163, Array
415, 263.753, 2.144, 478.943, 1.546, List
415, 2.631, 44.830, 87.768, 1.164, Array
416, 253.672, 2.124, 481.830, 1.689, List
416, .534, 45.153, 88.059, 1.181, Array
417, 254.672, 2.142, 484.490, 1.573, List
417, .543, 46.020, 88.692, 1.179, Array
418, 253.603, 2.050, 486.572, 1.612, List
418, .541, 45.614, 88.876, 1.187, Array
419, 255.298, 2.000, 514.432, 1.562, List
419, .537, 45.899, 89.362, 1.193, Array
420, 261.084, 2.250, 491.927, 1.583, List
420, .540, 45.992, 89.668, 1.193, Array
421, 259.387, 2.036, 495.609, 1.644, List
421, .545, 46.405, 90.259, 1.192, Array
422, 265.387, 1.985, 497.094, 1.581, List
422, .543, 46.536, 90.533, 1.191, Array
423, 261.988, 1.989, 500.312, 1.596, List
423, .561, 46.623, 91.553, 1.214, Array
424, 268.391, 1.925, 502.535, 1.570, List
424, .557, 47.360, 91.374, 1.221, Array
425, 265.438, 2.115, 502.759, 1.606, List
425, .555, 47.330, 91.819, 1.198, Array
426, 263.852, 2.116, 504.448, 1.645, List
426, .560, 47.420, 92.191, 1.202, Array
427, 266.695, 2.119, 508.268, 1.622, List
427, .553, 47.440, 94.242, 1.200, Array
428, 272.411, 2.215, 527.339, 1.626, List
428, .557, 48.539, 93.120, 1.198, Array
429, 271.378, 2.063, 516.462, 1.616, List
429, .558, 47.901, 93.566, 1.616, Array
430, 285.348, 2.194, 514.415, 1.649, List
430, .566, 48.465, 94.306, 1.214, Array
431, 271.096, 2.092, 517.255, 1.610, List
431, .574, 48.406, 94.385, 1.221, Array
432, 276.011, 2.064, 519.239, 1.625, List
432, .574, 48.620, 97.934, 1.239, Array
433, 274.077, 2.121, 535.415, 1.626, List
433, .561, 48.874, 95.282, 1.234, Array
434, 276.392, 2.282, 525.713, 2.979, List
434, 1.046, 52.439, 95.814, 3.343, Array
435, 282.980, 2.309, 529.253, 1.634, List
435, .577, 49.261, 97.221, 1.239, Array
436, 279.572, 2.119, 529.085, 1.644, List
436, .576, 49.910, 96.524, 1.230, Array
437, 280.969, 2.221, 545.033, 1.643, List
437, .571, 49.741, 100.097, 1.230, Array
438, 279.968, 2.038, 533.585, 1.642, List
438, .577, 49.959, 97.572, 1.244, Array
439, 284.260, 2.279, 537.512, 1.671, List
439, .569, 50.095, 97.952, 1.245, Array
440, 286.132, 2.335, 538.826, 1.652, List
440, .601, 50.411, 98.456, 1.296, Array
441, 286.124, 2.098, 541.548, 1.636, List
441, .584, 50.643, 99.630, 1.240, Array
442, 288.998, 1.762, 543.245, 1.617, List
442, .577, 51.017, 99.587, 1.244, Array
443, 291.884, 2.099, 545.622, 1.665, List
443, .576, 50.923, 100.054, 1.251, Array
444, 289.100, 2.401, 548.806, 1.697, List
444, .581, 51.383, 100.780, 1.250, Array
445, 290.769, 2.109, 550.549, 1.652, List
445, .588, 51.407, 103.273, 1.268, Array
446, 295.126, 2.222, 552.922, 1.668, List
446, .591, 51.772, 100.993, 1.287, Array
447, 296.411, 2.269, 556.048, 1.734, List
447, .584, 51.891, 101.457, 1.271, Array
448, 295.345, 2.220, 561.238, 1.666, List
448, .588, 52.660, 102.202, 1.278, Array
449, 296.358, 2.325, 561.068, 1.675, List
449, 2.808, 52.586, 102.731, 1.271, Array
450, 296.911, 2.433, 564.099, 1.717, List
450, .589, 53.046, 103.290, 1.287, Array
451, 300.384, 2.126, 581.080, 1.718, List
451, .595, 54.571, 105.684, 1.297, Array
452, 300.449, 2.148, 570.906, 1.768, List
452, .594, 53.148, 104.293, 1.293, Array
453, 305.164, 2.261, 572.994, 1.706, List
453, .593, 53.432, 104.263, 1.303, Array
454, 306.302, 2.176, 574.158, 1.733, List
454, .601, 53.670, 105.577, 1.285, Array
455, 306.661, 2.362, 593.410, 1.710, List
455, .615, 54.150, 105.626, 1.291, Array
456, 306.732, 2.609, 579.461, 1.739, List
456, .600, 54.229, 106.065, 3.405, Array
457, 311.975, 2.316, 583.572, 1.727, List
457, .611, 54.481, 106.411, 1.298, Array
458, 328.514, 2.505, 584.029, 1.751, List
458, .618, 54.850, 106.692, 1.294, Array
459, 311.189, 2.124, 587.002, 1.687, List
459, .614, 55.639, 107.120, 1.294, Array
460, 311.057, 2.275, 591.348, 1.710, List
460, .612, 55.338, 107.831, 1.318, Array
461, 313.639, 2.362, 592.750, 1.761, List
461, .617, 55.677, 108.126, 1.323, Array
462, 315.481, 2.355, 594.882, 1.722, List
462, .614, 55.652, 108.879, 1.307, Array
463, 316.322, 2.415, 597.204, 2.378, List
463, .985, 106.457, 205.013, 2.143, Array
464, 388.408, 2.435, 612.412, 1.823, List
464, .662, 81.352, 179.802, 1.312, Array
465, 378.143, 2.688, 695.403, 1.829, List
465, .621, 57.781, 110.722, 1.323, Array
466, 327.356, 2.476, 759.929, 2.366, List
466, .920, 106.099, 204.930, 1.362, Array
467, 321.320, 2.455, 610.833, 1.780, List
467, .618, 56.926, 111.002, 1.318, Array
468, 325.235, 2.346, 612.040, 1.766, List
468, .635, 57.703, 111.664, 1.324, Array
469, 328.569, 2.198, 614.024, 1.753, List
469, .630, 57.367, 112.648, 1.368, Array
470, 342.768, 2.250, 616.094, 1.784, List
470, .632, 57.580, 112.463, 1.357, Array
471, 332.027, 2.161, 620.562, 1.776, List
471, .620, 57.829, 112.798, 1.342, Array
472, 346.509, 2.129, 620.924, 1.724, List
472, .631, 62.266, 113.523, 1.334, Array
473, 334.856, 4.239, 623.307, 1.775, List
473, .623, 58.174, 114.061, 1.344, Array
474, 333.756, 4.374, 626.197, 1.795, List
474, .635, 58.686, 114.405, 1.366, Array
475, 337.409, 2.507, 854.869, 2.263, List
475, .785, 76.656, 170.286, 1.680, Array
476, 422.421, 3.132, 786.061, 2.239, List
476, .788, 75.301, 149.942, 1.673, Array
477, 437.622, 2.845, 791.054, 2.238, List
477, .783, 73.902, 150.134, 4.666, Array
478, 426.924, 2.959, 641.391, 1.815, List
478, .634, 61.025, 116.173, 1.355, Array
479, 340.010, 2.524, 639.339, 1.828, List
479, .636, 62.161, 116.875, 1.368, Array
480, 342.307, 2.226, 642.102, 1.799, List
480, .634, 60.091, 117.036, 1.362, Array
481, 345.915, 2.353, 644.450, 1.823, List
481, .641, 62.507, 118.437, 1.569, Array
482, 344.952, 2.486, 648.305, 1.846, List
482, .640, 60.862, 119.491, 1.368, Array
483, 347.637, 2.567, 666.378, 1.842, List
483, .646, 60.858, 119.004, 1.371, Array
484, 347.512, 2.063, 654.675, 1.776, List
484, .652, 61.235, 119.118, 1.381, Array
485, 365.182, 2.474, 655.653, 1.832, List
485, .666, 61.498, 119.868, 1.429, Array
486, 350.498, 2.569, 658.310, 1.866, List
486, .647, 61.875, 121.615, 1.404, Array
487, 351.858, 2.586, 663.952, 1.876, List
487, .649, 61.880, 120.722, 3.724, Array
488, 362.287, 2.497, 666.310, 1.866, List
488, .652, 62.324, 122.751, 1.410, Array
489, 354.366, 2.489, 667.593, 1.832, List
489, .672, 62.542, 121.885, 1.545, Array
490, 357.744, 2.518, 670.693, 1.907, List
490, .663, 63.702, 122.198, 1.389, Array
491, 358.877, 2.343, 674.828, 1.904, List
491, .677, 63.485, 122.632, 1.387, Array
492, 360.274, 2.417, 674.804, 1.851, List
492, .675, 63.504, 124.389, 1.589, Array
493, 363.439, 2.155, 677.846, 1.833, List
493, .666, 63.342, 123.969, 1.391, Array
494, 363.203, 2.481, 680.592, 1.881, List
494, .663, 63.838, 138.924, 1.412, Array
495, 368.809, 2.682, 683.407, 1.880, List
495, .680, 63.926, 124.877, 1.410, Array
496, 366.984, 2.535, 687.209, 1.859, List
496, .675, 64.126, 126.675, 1.405, Array
497, 368.247, 2.491, 704.831, 1.880, List
497, .686, 64.633, 125.679, 1.426, Array
498, 370.328, 2.492, 692.538, 1.856, List
498, .683, 65.381, 129.284, 1.419, Array
499, 373.063, 2.503, 694.704, 1.928, List
499, .680, 64.965, 127.338, 1.515, Array
500, 371.887, 2.478, 697.672, 1.864, List
500, .681, 65.331, 127.205, 3.825, Array
